{
  "MF": {
    "rmse": 0.9155039738098621,
    "mae": 0.7169697168498916,
    "p10": 0.12300000000000001,
    "r10": 0.034518867687528314,
    "ndcg10": 0.12831935952206655
  },
  "CatBoost": {
    "rmse": 0.9521840597919614,
    "mae": 0.7535195516470459,
    "p10": 0.037000000000000005,
    "r10": 0.011271799743340654,
    "ndcg10": 0.0398900584574001
  },
  "LightGCN": {
    "rmse": 0.908703147488459,
    "mae": 0.7174980640411377,
    "p10": 0.1195,
    "r10": 0.036558623405790504,
    "ndcg10": 0.13497119572681107
  },
  "dataset": {
    "n_users": 6040,
    "n_movies": 3706,
    "n_ratings": 1000209,
    "train": 800167,
    "val": 100021,
    "test": 100021,
    "eval_users": 200,
    "eval_seed": 42
  }
}